{
    "c": [
        951.2999547224418,
        536.7703598373467
    ],
    "f": [
        1060.531764702488,
        1060.3856705041237
    ],
    "k": [
        0.013931954741167011,
        -0.005327384571537837,
        0.0009726797139944386,
        0.0009998037039019034,
        0.002352945315921163
    ],
    "camera_mtx": [
        [
            1060.531764702488,
            0.0,
            951.2999547224418
        ],
        [
            0.0,
            1060.3856705041237,
            536.7703598373467
        ],
        [
            0.0,
            0.0,
            1.0
        ]
    ],
    "view_mtx": [
        [
            -0.9999911415980625,
            0.0036902607292561653,
            -0.00202452492052984,
            -0.052654542634615296
        ],
        [
            -0.003685874953035862,
            -0.9999908617884027,
            -0.0021657944312128224,
            -1.861571860015632e-05
        ],
        [
            -0.0020324987661298785,
            -0.002158313100038859,
            0.9999956053070073,
            -8.75555283312419e-05
        ]
    ],
    "R": [
        0.0031826526143695125,
        0.003392174461392873,
        -3.137901125790385
    ],
    "T": [
        -0.052654542634615296,
        -1.861571860015632e-05,
        -8.75555283312419e-05
    ]
}