{
    "c": [
        253.83829093644025,
        211.1372060737881
    ],
    "f": [
        366.7400717166478,
        366.74007078527524
    ],
    "k": [
        0.09025264727976191,
        -0.26834827271526285,
        -1.8336023396332128e-10,
        2.304994910236695e-09,
        0.09528330866851589
    ],
    "camera_mtx": [
        [
            366.7400717166478,
            0.0,
            253.83829093644025
        ],
        [
            0.0,
            366.74007078527524,
            211.1372060737881
        ],
        [
            0.0,
            0.0,
            1.0
        ]
    ],
    "view_mtx": [
        [
            -1.0,
            -1.547831979827037e-09,
            -1.0299632133215585e-08,
            4.4333090859474606e-10
        ],
        [
            1.5478319446937772e-09,
            -1.0,
            3.4111179395206166e-09,
            -1.2372430425663552e-09
        ],
        [
            -1.0299632138495422e-08,
            3.411117923578517e-09,
            1.0,
            -1.883818362618968e-08
        ]
    ],
    "R": [
        1.6178624334311548e-08,
        -5.358171519782183e-09,
        -3.141592655137625
    ],
    "T": [
        4.4333090859474606e-10,
        -1.2372430425663552e-09,
        -1.883818362618968e-08
    ]
}